{
    "model_type": "CNN",
    "test_accuracy": 0.6358317136764526,
    "test_loss": 1.186246395111084,
    "training_time_seconds": 4756.794007539749,
    "total_parameters": 618727,
    "trainable_parameters": 617063,
    "epochs_trained": 100,
    "batch_size": 32,
    "learning_rate": 0.0001,
    "per_class_accuracy": {
        "angry": 0.49373695198329853,
        "disgust": 0.46846846846846846,
        "fear": 0.27734375,
        "happy": 0.8461104847801578,
        "sad": 0.5821972734562951,
        "surprise": 0.7858002406738869,
        "neutral": 0.7096512570965126
    },
    "classification_report": {
        "angry": {
            "precision": 0.5919899874843555,
            "recall": 0.49373695198329853,
            "f1-score": 0.5384177575412635,
            "support": 958.0
        },
        "disgust": {
            "precision": 0.46846846846846846,
            "recall": 0.46846846846846846,
            "f1-score": 0.46846846846846846,
            "support": 111.0
        },
        "fear": {
            "precision": 0.5748987854251012,
            "recall": 0.27734375,
            "f1-score": 0.37417654808959155,
            "support": 1024.0
        },
        "happy": {
            "precision": 0.8676300578034682,
            "recall": 0.8461104847801578,
            "f1-score": 0.8567351598173516,
            "support": 1774.0
        },
        "sad": {
            "precision": 0.5052192066805845,
            "recall": 0.5821972734562951,
            "f1-score": 0.5409836065573771,
            "support": 1247.0
        },
        "surprise": {
            "precision": 0.7239467849223947,
            "recall": 0.7858002406738869,
            "f1-score": 0.753606462781304,
            "support": 831.0
        },
        "neutral": {
            "precision": 0.5131964809384164,
            "recall": 0.7096512570965126,
            "f1-score": 0.595643294758339,
            "support": 1233.0
        },
        "accuracy": 0.6358317079966564,
        "macro avg": {
            "precision": 0.6064785388175414,
            "recall": 0.5947583466369457,
            "f1-score": 0.5897187568590994,
            "support": 7178.0
        },
        "weighted avg": {
            "precision": 0.6424321366434851,
            "recall": 0.6358317079966564,
            "f1-score": 0.6277641238324879,
            "support": 7178.0
        }
    },
    "confusion_matrix": [
        [
            473,
            28,
            52,
            34,
            156,
            32,
            183
        ],
        [
            28,
            52,
            4,
            3,
            13,
            6,
            5
        ],
        [
            123,
            13,
            284,
            38,
            266,
            131,
            169
        ],
        [
            28,
            3,
            21,
            1501,
            39,
            40,
            142
        ],
        [
            85,
            7,
            62,
            52,
            726,
            25,
            290
        ],
        [
            27,
            1,
            51,
            34,
            24,
            653,
            41
        ],
        [
            35,
            7,
            20,
            68,
            213,
            15,
            875
        ]
    ],
    "dataset_info": {
        "train_samples": 22967,
        "val_samples": 5742,
        "test_samples": 7178
    }
}