{
    "model_type": "CNN",
    "test_accuracy": 0.6359710097312927,
    "test_loss": 1.1758954524993896,
    "training_time_seconds": 24016.310695886612,
    "total_parameters": 618727,
    "trainable_parameters": 617063,
    "epochs_trained": 100,
    "batch_size": 32,
    "learning_rate": 0.0001,
    "per_class_accuracy": {
        "angry": 0.5876826722338204,
        "disgust": 0.42342342342342343,
        "fear": 0.2822265625,
        "happy": 0.8562570462232244,
        "sad": 0.4570970328789094,
        "surprise": 0.8134777376654633,
        "neutral": 0.7307380373073804
    },
    "classification_report": {
        "angry": {
            "precision": 0.550880626223092,
            "recall": 0.5876826722338204,
            "f1-score": 0.5686868686868687,
            "support": 958.0
        },
        "disgust": {
            "precision": 0.4392523364485981,
            "recall": 0.42342342342342343,
            "f1-score": 0.43119266055045874,
            "support": 111.0
        },
        "fear": {
            "precision": 0.539179104477612,
            "recall": 0.2822265625,
            "f1-score": 0.37051282051282053,
            "support": 1024.0
        },
        "happy": {
            "precision": 0.8645418326693227,
            "recall": 0.8562570462232244,
            "f1-score": 0.8603794958935146,
            "support": 1774.0
        },
        "sad": {
            "precision": 0.5459770114942529,
            "recall": 0.4570970328789094,
            "f1-score": 0.49759930161501525,
            "support": 1247.0
        },
        "surprise": {
            "precision": 0.6828282828282828,
            "recall": 0.8134777376654633,
            "f1-score": 0.742449203734212,
            "support": 831.0
        },
        "neutral": {
            "precision": 0.5232288037166086,
            "recall": 0.7307380373073804,
            "f1-score": 0.609813874788494,
            "support": 1233.0
        },
        "accuracy": 0.6359710225689608,
        "macro avg": {
            "precision": 0.5922697139796813,
            "recall": 0.5929860731760316,
            "f1-score": 0.5829477465401977,
            "support": 7178.0
        },
        "weighted avg": {
            "precision": 0.6346784640225945,
            "recall": 0.6359710225689608,
            "f1-score": 0.6252110454826709,
            "support": 7178.0
        }
    },
    "confusion_matrix": [
        [
            563,
            23,
            45,
            33,
            93,
            43,
            158
        ],
        [
            39,
            47,
            0,
            3,
            5,
            6,
            11
        ],
        [
            153,
            16,
            289,
            33,
            209,
            162,
            162
        ],
        [
            39,
            2,
            22,
            1519,
            27,
            42,
            123
        ],
        [
            142,
            10,
            86,
            60,
            570,
            31,
            348
        ],
        [
            28,
            2,
            60,
            39,
            7,
            676,
            19
        ],
        [
            58,
            7,
            34,
            70,
            133,
            30,
            901
        ]
    ],
    "dataset_info": {
        "train_samples": 22967,
        "val_samples": 5742,
        "test_samples": 7178
    }
}